{
  "start_time": 1748793684.9935782,
  "end_time": 1748793685.7138383,
  "duration_seconds": 0.72,
  "trajectory": [
    [
      0.014,
      -0.0
    ],
    [
      0.205,
      0.059
    ],
    [
      0.376,
      0.177
    ],
    [
      0.54,
      0.319
    ],
    [
      0.703,
      0.467
    ],
    [
      0.852,
      0.641
    ],
    [
      0.919,
      0.835
    ],
    [
      0.804,
      1.012
    ],
    [
      0.637,
      1.125
    ],
    [
      0.456,
      1.214
    ],
    [
      0.264,
      1.3
    ],
    [
      0.063,
      1.378
    ],
    [
      -0.142,
      1.45
    ],
    [
      -0.341,
      1.512
    ],
    [
      -0.556,
      1.57
    ],
    [
      -0.765,
      1.616
    ],
    [
      -0.972,
      1.654
    ],
    [
      -1.171,
      1.682
    ],
    [
      -1.335,
      1.812
    ],
    [
      -1.216,
      1.992
    ],
    [
      -1.03,
      2.08
    ],
    [
      -0.832,
      2.139
    ],
    [
      -0.629,
      2.202
    ],
    [
      -0.426,
      2.294
    ],
    [
      -0.244,
      2.41
    ],
    [
      -0.067,
      2.547
    ],
    [
      0.101,
      2.677
    ],
    [
      0.267,
      2.791
    ],
    [
      0.444,
      2.892
    ],
    [
      0.656,
      2.978
    ],
    [
      0.876,
      3.032
    ],
    [
      1.108,
      3.068
    ],
    [
      1.31,
      3.084
    ],
    [
      1.526,
      3.082
    ],
    [
      1.73,
      3.056
    ],
    [
      1.947,
      2.995
    ],
    [
      2.13,
      2.91
    ],
    [
      2.301,
      2.803
    ],
    [
      2.477,
      2.671
    ],
    [
      2.64,
      2.536
    ],
    [
      2.792,
      2.4
    ],
    [
      2.946,
      2.25
    ],
    [
      3.158,
      2.03
    ],
    [
      3.306,
      1.875
    ],
    [
      3.446,
      1.73
    ],
    [
      3.587,
      1.583
    ],
    [
      3.735,
      1.428
    ],
    [
      3.881,
      1.276
    ],
    [
      4.027,
      1.126
    ],
    [
      4.187,
      0.971
    ],
    [
      4.353,
      0.829
    ],
    [
      4.534,
      0.703
    ],
    [
      4.725,
      0.609
    ],
    [
      4.916,
      0.548
    ],
    [
      5.113,
      0.506
    ],
    [
      5.411,
      0.501
    ],
    [
      5.619,
      0.551
    ],
    [
      5.812,
      0.682
    ],
    [
      5.933,
      0.848
    ],
    [
      6.015,
      1.05
    ],
    [
      6.061,
      1.252
    ],
    [
      6.091,
      1.486
    ],
    [
      6.111,
      1.708
    ],
    [
      6.124,
      1.939
    ],
    [
      6.132,
      2.162
    ],
    [
      6.138,
      2.388
    ],
    [
      6.141,
      2.62
    ],
    [
      6.143,
      2.848
    ],
    [
      6.146,
      3.077
    ],
    [
      6.148,
      3.302
    ],
    [
      6.15,
      3.543
    ],
    [
      6.149,
      3.777
    ],
    [
      6.145,
      3.988
    ],
    [
      6.141,
      4.189
    ],
    [
      6.137,
      4.391
    ],
    [
      6.132,
      4.597
    ],
    [
      6.127,
      4.814
    ],
    [
      6.122,
      5.021
    ],
    [
      6.116,
      5.247
    ],
    [
      6.11,
      5.468
    ],
    [
      6.104,
      5.706
    ],
    [
      6.098,
      5.93
    ],
    [
      6.092,
      6.167
    ],
    [
      6.088,
      6.392
    ],
    [
      6.092,
      6.625
    ],
    [
      6.288,
      6.714
    ],
    [
      6.345,
      6.473
    ],
    [
      6.284,
      6.204
    ],
    [
      6.206,
      5.931
    ],
    [
      6.144,
      5.656
    ],
    [
      6.093,
      5.176
    ],
    [
      6.078,
      4.914
    ],
    [
      6.072,
      4.706
    ],
    [
      6.069,
      4.435
    ],
    [
      6.068,
      4.17
    ],
    [
      6.066,
      3.9
    ],
    [
      6.065,
      3.623
    ],
    [
      6.064,
      3.359
    ],
    [
      6.063,
      3.097
    ],
    [
      6.061,
      2.832
    ],
    [
      6.06,
      2.575
    ],
    [
      6.06,
      2.373
    ],
    [
      6.06,
      2.103
    ],
    [
      6.059,
      1.844
    ],
    [
      6.05,
      1.585
    ],
    [
      6.031,
      1.353
    ],
    [
      5.997,
      1.117
    ],
    [
      5.937,
      0.898
    ],
    [
      5.859,
      0.689
    ],
    [
      5.729,
      0.497
    ],
    [
      5.576,
      0.331
    ],
    [
      5.42,
      0.173
    ],
    [
      5.253,
      0.012
    ],
    [
      5.092,
      -0.143
    ],
    [
      4.926,
      -0.295
    ],
    [
      4.749,
      -0.458
    ],
    [
      4.592,
      -0.617
    ],
    [
      4.435,
      -0.774
    ],
    [
      4.284,
      -0.924
    ],
    [
      4.12,
      -1.101
    ],
    [
      3.985,
      -1.279
    ],
    [
      3.878,
      -1.482
    ],
    [
      3.814,
      -1.75
    ],
    [
      3.831,
      -1.988
    ],
    [
      3.904,
      -2.199
    ],
    [
      4.017,
      -2.399
    ],
    [
      4.143,
      -2.571
    ],
    [
      4.273,
      -2.738
    ],
    [
      4.418,
      -2.908
    ],
    [
      4.743,
      -3.254
    ],
    [
      4.895,
      -3.403
    ],
    [
      5.068,
      -3.582
    ],
    [
      5.214,
      -3.739
    ],
    [
      5.361,
      -3.897
    ],
    [
      5.507,
      -4.058
    ],
    [
      5.659,
      -4.24
    ],
    [
      5.797,
      -4.436
    ],
    [
      5.899,
      -4.643
    ],
    [
      5.96,
      -4.857
    ],
    [
      5.973,
      -5.088
    ],
    [
      5.92,
      -5.309
    ],
    [
      5.79,
      -5.492
    ],
    [
      5.623,
      -5.612
    ],
    [
      5.41,
      -5.698
    ],
    [
      5.212,
      -5.749
    ],
    [
      4.993,
      -5.787
    ],
    [
      4.781,
      -5.812
    ],
    [
      4.573,
      -5.828
    ],
    [
      4.299,
      -5.838
    ],
    [
      4.083,
      -5.843
    ],
    [
      3.82,
      -5.844
    ],
    [
      3.609,
      -5.844
    ],
    [
      3.348,
      -5.843
    ],
    [
      3.072,
      -5.84
    ],
    [
      2.802,
      -5.837
    ],
    [
      2.58,
      -5.834
    ],
    [
      2.31,
      -5.831
    ],
    [
      2.107,
      -5.829
    ],
    [
      1.845,
      -5.826
    ],
    [
      1.585,
      -5.822
    ],
    [
      1.337,
      -5.821
    ],
    [
      1.081,
      -5.823
    ],
    [
      0.856,
      -5.824
    ],
    [
      0.655,
      -5.826
    ],
    [
      0.454,
      -5.828
    ],
    [
      0.207,
      -5.831
    ],
    [
      -0.037,
      -5.834
    ],
    [
      -0.276,
      -5.835
    ],
    [
      -0.518,
      -5.836
    ],
    [
      -0.744,
      -5.836
    ],
    [
      -0.955,
      -5.836
    ],
    [
      -1.179,
      -5.836
    ],
    [
      -1.396,
      -5.836
    ],
    [
      -1.596,
      -5.834
    ],
    [
      -2.02,
      -5.826
    ],
    [
      -2.27,
      -5.816
    ],
    [
      -2.513,
      -5.813
    ],
    [
      -2.721,
      -5.81
    ],
    [
      -2.957,
      -5.805
    ],
    [
      -3.19,
      -5.795
    ],
    [
      -3.422,
      -5.765
    ],
    [
      -3.645,
      -5.716
    ],
    [
      -3.868,
      -5.644
    ],
    [
      -4.067,
      -5.563
    ],
    [
      -4.282,
      -5.468
    ],
    [
      -4.491,
      -5.374
    ],
    [
      -4.707,
      -5.28
    ],
    [
      -4.913,
      -5.193
    ],
    [
      -5.108,
      -5.108
    ],
    [
      -5.307,
      -5.018
    ],
    [
      -5.497,
      -4.93
    ],
    [
      -5.696,
      -4.836
    ],
    [
      -5.902,
      -4.739
    ],
    [
      -6.087,
      -4.648
    ],
    [
      -6.268,
      -4.547
    ],
    [
      -6.45,
      -4.423
    ],
    [
      -6.621,
      -4.286
    ],
    [
      -6.781,
      -4.135
    ],
    [
      -6.926,
      -3.969
    ],
    [
      -7.046,
      -3.803
    ],
    [
      -7.157,
      -3.615
    ],
    [
      -7.245,
      -3.412
    ],
    [
      -7.311,
      -3.197
    ],
    [
      -7.353,
      -2.994
    ],
    [
      -7.379,
      -2.779
