{
  "start_time": 1748791967.4490643,
  "end_time": 1748791967.952183,
  "duration_seconds": 0.5,
  "trajectory": [
    [
      -8.936,
      -0.031
    ],
    [
      -8.736,
      -0.041
    ],
    [
      -8.536,
      0.03
    ],
    [
      -8.37,
      0.156
    ],
    [
      -8.215,
      0.313
    ],
    [
      -8.088,
      0.468
    ],
    [
      -7.978,
      0.638
    ],
    [
      -7.885,
      0.836
    ],
    [
      -7.819,
      1.038
    ],
    [
      -7.771,
      1.257
    ],
    [
      -7.739,
      1.467
    ],
    [
      -7.717,
      1.669
    ],
    [
      -7.702,
      1.885
    ],
    [
      -7.694,
      2.109
    ],
    [
      -7.685,
      2.353
    ],
    [
      -7.677,
      2.575
    ],
    [
      -7.672,
      2.791
    ],
    [
      -7.667,
      3.047
    ],
    [
      -7.665,
      3.285
    ],
    [
      -7.664,
      3.497
    ],
    [
      -7.663,
      3.729
    ],
    [
      -7.662,
      3.932
    ],
    [
      -7.662,
      4.156
    ],
    [
      -7.661,
      4.367
    ],
    [
      -7.66,
      4.574
    ],
    [
      -7.66,
      4.781
    ],
    [
      -7.66,
      4.999
    ],
    [
      -7.66,
      5.207
    ],
    [
      -7.659,
      5.408
    ],
    [
      -7.655,
      5.616
    ],
    [
      -7.65,
      5.821
    ],
    [
      -7.642,
      6.033
    ],
    [
      -7.633,
      6.253
    ],
    [
      -7.623,
      6.454
    ],
    [
      -7.612,
      6.684
    ],
    [
      -7.601,
      6.899
    ],
    [
      -7.59,
      7.118
    ],
    [
      -7.574,
      7.318
    ],
    [
      -7.545,
      7.549
    ],
    [
      -7.489,
      7.766
    ],
    [
      -7.397,
      7.953
    ],
    [
      -7.25,
      8.112
    ],
    [
      -7.055,
      8.215
    ],
    [
      -6.827,
      8.253
    ],
    [
      -6.62,
      8.235
    ],
    [
      -6.321,
      8.159
    ],
    [
      -6.109,
      8.078
    ],
    [
      -5.89,
      7.996
    ],
    [
      -5.693,
      7.946
    ],
    [
      -5.493,
      7.88
    ],
    [
      -5.355,
      7.719
    ],
    [
      -5.242,
      7.523
    ],
    [
      -5.153,
      7.34
    ],
    [
      -5.068,
      7.14
    ],
    [
      -4.992,
      6.943
    ],
    [
      -4.911,
      6.739
    ],
    [
      -4.835,
      6.539
    ],
    [
      -4.763,
      6.35
    ],
    [
      -4.687,
      6.152
    ],
    [
      -4.617,
      5.951
    ],
    [
      -4.515,
      5.612
    ],
    [
      -4.457,
      5.401
    ],
    [
      -4.422,
      5.2
    ],
    [
      -4.42,
      4.977
    ],
    [
      -4.45,
      4.767
    ],
    [
      -4.501,
      4.569
    ],
    [
      -4.568,
      4.37
    ],
    [
      -4.646,
      4.174
    ],
    [
      -4.734,
      3.968
    ],
    [
      -4.803,
      3.768
    ],
    [
      -4.853,
      3.569
    ],
    [
      -4.917,
      3.374
    ],
    [
      -4.91,
      3.167
    ],
    [
      -4.818,
      2.96
    ],
    [
      -4.673,
      2.819
    ],
    [
      -4.49,
      2.726
    ],
    [
      -4.278,
      2.688
    ],
    [
      -4.053,
      2.705
    ],
    [
      -3.819,
      2.764
    ],
    [
      -3.622,
      2.844
    ],
    [
      -3.435,
      2.948
    ],
    [
      -3.267,
      3.066
    ],
    [
      -3.082,
      3.216
    ],
    [
      -2.903,
      3.373
    ],
    [
      -2.728,
      3.532
    ],
    [
      -2.558,
      3.692
    ],
    [
      -2.385,
      3.858
    ],
    [
      -2.214,
      4.022
    ],
    [
      -2.043,
      4.184
    ],
    [
      -1.873,
      4.35
    ],
    [
      -1.697,
      4.521
    ],
    [
      -1.526,
      4.684
    ],
    [
      -1.38,
      4.827
    ],
    [
      -1.229,
      4.982
    ],
    [
      -1.078,
      5.135
    ],
    [
      -0.916,
      5.3
    ],
    [
      -0.75,
      5.461
    ],
    [
      -0.583,
      5.622
    ],
    [
      -0.408,
      5.792
    ],
    [
      -0.23,
      5.962
    ],
    [
      -0.059,
      6.127
    ],
    [
      0.121,
      6.288
    ],
    [
      0.444,
      6.537
    ],
    [
      0.643,
      6.64
    ],
    [
      0.832,
      6.707
    ],
    [
      1.033,
      6.763
    ],
    [
      1.232,
      6.809
    ],
    [
      1.466,
      6.871
    ],
    [
      1.673,
      6.941
    ],
    [
      1.867,
      7.004
    ],
    [
      2.065,
      7.038
    ],
    [
      2.301,
      7.019
    ],
    [
      2.527,
      6.933
    ],
    [
      2.724,
      6.81
    ],
    [
      2.88,
      6.684
    ],
    [
      3.05,
      6.534
    ],
    [
      3.217,
      6.374
    ],
    [
      3.367,
      6.228
    ],
    [
      3.512,
      6.09
    ],
    [
      3.663,
      5.946
    ],
    [
      3.836,
      5.781
    ],
    [
      4.012,
      5.614
    ],
    [
      4.181,
      5.452
    ],
    [
      4.323,
      5.284
    ],
    [
      4.453,
      5.072
    ],
    [
      4.555,
      4.873
    ],
    [
      4.639,
      4.69
    ],
    [
      4.732,
      4.481
    ],
    [
      4.817,
      4.286
    ],
    [
      4.908,
      4.076
    ],
    [
      4.993,
      3.872
    ],
    [
      5.082,
      3.655
    ],
    [
      5.165,
      3.455
    ],
    [
      5.254,
      3.238
    ],
    [
      5.339,
      3.025
    ],
    [
      5.422,
      2.817
    ],
    [
      5.57,
      2.48
    ],
    [
      5.668,
      2.25
    ],
    [
      5.744,
      1.993
    ],
    [
      5.797,
      1.76
    ],
    [
      5.831,
      1.54
    ],
    [
      5.837,
      1.293
    ],
    [
      5.769,
      1.068
    ],
    [
      5.636,
      0.884
    ],
    [
      5.468,
      0.728
    ],
    [
      5.264,
      0.596
    ],
    [
      5.038,
      0.509
    ],
    [
      4.793,
      0.469
    ],
    [
      4.554,
      0.461
    ],
    [
      4.305,
      0.478
    ],
    [
      4.101,
      0.501
    ],
    [
      3.846,
      0.548
    ],
    [
      3.589,
      0.603
    ],
    [
      3.389,
      0.637
    ],
    [
      3.115,
      0.688
    ],
    [
      2.904,
      0.711
    ],
    [
      2.632,
      0.729
    ],
    [
      2.419,
      0.721
    ],
    [
      2.196,
      0.677
    ],
    [
      2.005,
      0.605
    ],
    [
      1.82,
      0.511
    ],
    [
      1.635,
      0.395
    ],
    [
      1.422,
      0.24
    ],
    [
      1.26,
      0.112
    ],
    [
      1.062,
      -0.055
    ],
    [
      0.907,
      -0.196
    ],
    [
      0.716,
      -0.371
    ],
    [
      0.561,
      -0.514
    ],
    [
      0.36,
      -0.698
    ],
    [
      0.173,
      -0.872
    ],
    [
      0.014,
      -1.021
    ],
    [
      -0.137,
      -1.163
    ],
    [
      -0.325,
      -1.34
    ],
    [
      -0.482,
      -1.479
    ],
    [
      -0.683,
      -1.644
    ],
    [
      -0.849,
      -1.775
    ],
    [
      -1.053,
      -1.927
    ],
    [
      -1.264,
      -2.08
    ],
    [
      -1.426,
      -2.201
    ],
    [
      -1.617,
      -2.354
    ],
    [
      -1.779,
      -2.493
    ],
    [
      -1.93,
      -2.627
    ],
    [
      -2.081,
      -2.77
    ],
    [
      -2.227,
      -2.919
    ],
    [
      -2.397,
      -3.115
    ],
    [
      -2.516,
      -3.282
    ],
    [
      -2.618,
      -3.457
    ],
    [
      -2.741,
      -4.065
    ],
    [
      -2.694,
      -4.267
    ],
    [
      -2.592,
      -4.446
    ],
    [
      -2.44,
      -4.588
    ],
    [
      -2.259,
      -4.681
    ],
    [
      -2.004,
      -4.751
    ],
    [
      -1.772,
      -4.786
    ],
    [
      -1.541,
      -4.81
    ],
    [
      -1.313,
      -4.829
    ],
    [
      -1.066,
      -4.843
    ],
    [
      -0.809,
      -4.854
    ],
    [
      -0.581,
      -4.86
    ],
    [
      -0.377,
      -4.865
    ],
    [
      -0.139,
      -4.879
    ],
    [
      0.096,
      -4.914
    ],
    [
      0.32,
      -4.988
    ],
    [
      0.52,
      -5.093
    ],
    [
