{
  "start_time": 1748794198.8632364,
  "end_time": 1748794198.8635557,
  "duration_seconds": 0.0,
  "trajectory": [
    [
      0.014,
      -0.0
    ],
    [
      0.204,
      0.062
    ],
    [
      0.386,
      0.186
    ],
    [
      0.55,
      0.326
    ],
    [
      0.715,
      0.475
    ],
    [
      0.871,
      0.621
    ],
    [
      1.023,
      0.768
    ],
    [
      1.074,
      0.977
    ],
    [
      0.954,
      1.145
    ],
    [
      0.786,
      1.26
    ],
    [
      0.597,
      1.36
    ],
    [
      0.412,
      1.443
    ],
    [
      0.223,
      1.513
    ],
    [
      0.021,
      1.571
    ],
    [
      -0.183,
      1.618
    ],
    [
      -0.388,
      1.663
    ],
    [
      -0.6,
      1.697
    ],
    [
      -0.81,
      1.717
    ],
    [
      -1.016,
      1.736
    ],
    [
      -1.222,
      1.749
    ],
    [
      -1.427,
      1.762
    ],
    [
      -1.637,
      1.777
    ],
    [
      -1.477,
      1.643
    ],
    [
      -1.275,
      1.642
    ],
    [
      -1.084,
      1.704
    ],
    [
      -0.896,
      1.81
    ],
    [
      -0.717,
      1.936
    ],
    [
      -0.544,
      2.071
    ],
    [
      -0.378,
      2.207
    ],
    [
      -0.214,
      2.346
    ],
    [
      -0.056,
      2.483
    ],
    [
      0.102,
      2.611
    ],
    [
      0.278,
      2.742
    ],
    [
      0.461,
      2.853
    ],
    [
      0.648,
      2.939
    ],
    [
      0.849,
      3.002
    ],
    [
      1.045,
      3.043
    ],
    [
      1.248,
      3.068
    ],
    [
      1.461,
      3.077
    ],
    [
      1.662,
      3.062
    ],
    [
      1.872,
      3.017
    ],
    [
      2.062,
      2.947
    ],
    [
      2.241,
      2.846
    ],
    [
      2.41,
      2.726
    ],
    [
      2.569,
      2.598
    ],
    [
      2.766,
      2.423
    ],
    [
      2.913,
      2.281
    ],
    [
      3.057,
      2.131
    ],
    [
      3.204,
      1.977
    ],
    [
      3.346,
      1.828
    ],
    [
      3.487,
      1.68
    ],
    [
      3.644,
      1.516
    ],
    [
      3.787,
      1.365
    ],
    [
      3.94,
      1.206
    ],
    [
      4.09,
      1.058
    ],
    [
      4.242,
      0.919
    ],
    [
      4.482,
      0.733
    ],
    [
      4.671,
      0.626
    ],
    [
      4.86,
      0.552
    ],
    [
      5.058,
      0.505
    ],
    [
      5.26,
      0.486
    ],
    [
      5.467,
      0.502
    ],
    [
      5.68,
      0.572
    ],
    [
      5.844,
      0.708
    ],
    [
      5.959,
      0.894
    ],
    [
      6.027,
      1.097
    ],
    [
      6.067,
      1.316
    ],
    [
      6.092,
      1.526
    ],
    [
      6.111,
      1.75
    ],
    [
      6.123,
      1.96
    ],
    [
      6.131,
      2.171
    ],
    [
      6.136,
      2.383
    ],
    [
      6.14,
      2.616
    ],
    [
      6.143,
      2.839
    ],
    [
      6.145,
      3.061
    ],
    [
      6.148,
      3.282
    ],
    [
      6.15,
      3.49
    ],
    [
      6.152,
      3.706
    ],
    [
      6.15,
      3.917
    ],
    [
      6.145,
      4.125
    ],
    [
      6.137,
      4.328
    ],
    [
      6.128,
      4.549
    ],
    [
      6.119,
      4.772
    ],
    [
      6.112,
      4.996
    ],
    [
      6.107,
      5.2
    ],
    [
      6.101,
      5.421
    ],
    [
      6.095,
      5.693
    ],
    [
      6.095,
      5.912
    ],
    [
      6.095,
      6.13
    ],
    [
      6.096,
      6.341
    ],
    [
      6.099,
      6.56
    ],
    [
      6.299,
      6.479
    ],
    [
      6.363,
      6.268
    ],
    [
      6.317,
      6.029
    ],
    [
      6.246,
      5.789
    ],
    [
      6.18,
      5.561
    ],
    [
      6.137,
      5.327
    ],
    [
      6.11,
      5.095
    ],
    [
      6.092,
      4.861
    ],
    [
      6.08,
      4.63
    ],
    [
      6.074,
      4.399
    ],
    [
      6.07,
      4.161
    ],
    [
      6.069,
      3.927
    ],
    [
      6.067,
      3.702
    ],
    [
      6.065,
      3.472
    ],
    [
      6.064,
      3.244
    ],
    [
      6.063,
      2.994
    ],
    [
      6.062,
      2.767
    ],
    [
      6.061,
      2.544
    ],
    [
      6.06,
      2.324
    ],
    [
      6.059,
      2.098
    ],
    [
      6.058,
      1.875
    ],
    [
      6.052,
      1.651
    ],
    [
      6.039,
      1.444
    ],
    [
      6.015,
      1.235
    ],
    [
      5.961,
      0.979
    ],
    [
      5.877,
      0.732
    ],
    [
      5.778,
      0.551
    ],
    [
      5.607,
      0.358
    ],
    [
      5.426,
      0.179
    ],
    [
      5.246,
      0.006
    ],
    [
      4.904,
      -0.308
    ],
    [
      4.729,
      -0.492
    ],
    [
      4.545,
      -0.673
    ],
    [
      4.365,
      -0.855
    ],
    [
      4.219,
      -1.019
    ],
    [
      4.057,
      -1.22
    ],
    [
      3.92,
      -1.444
    ],
    [
      3.845,
      -1.693
    ],
    [
      3.846,
      -1.949
    ],
    [
      3.919,
      -2.196
    ],
    [
      4.014,
      -2.379
    ],
    [
      4.148,
      -2.58
    ],
    [
      4.298,
      -2.771
    ],
    [
      4.456,
      -2.955
    ],
    [
      4.607,
      -3.124
    ],
    [
      4.772,
      -3.295
    ],
    [
      4.937,
      -3.468
    ],
    [
      5.102,
      -3.64
    ],
    [
      5.266,
      -3.811
    ],
    [
      5.431,
      -3.986
    ],
    [
      5.599,
      -4.175
    ],
    [
      5.759,
      -4.382
    ],
    [
      5.882,
      -4.607
    ],
    [
      5.956,
      -4.862
    ],
    [
      5.957,
      -5.112
    ],
    [
      5.87,
      -5.344
    ],
    [
      5.699,
      -5.514
    ],
    [
      5.478,
      -5.63
    ],
    [
      5.25,
      -5.703
    ],
    [
      5.017,
      -5.756
    ],
    [
      4.792,
      -5.793
    ],
    [
      4.555,
      -5.818
    ],
    [
      4.329,
      -5.833
    ],
    [
      4.1,
      -5.842
    ],
    [
      3.859,
      -5.844
    ],
    [
      3.636,
      -5.844
    ],
    [
      3.416,
      -5.843
    ],
    [
      3.199,
      -5.842
    ],
    [
      2.97,
      -5.839
    ],
    [
      2.744,
      -5.836
    ],
    [
      2.524,
      -5.834
    ],
    [
      2.102,
      -5.828
    ],
    [
      1.882,
      -5.821
    ],
    [
      1.666,
      -5.816
    ],
    [
      1.428,
      -5.812
    ],
    [
      1.215,
      -5.814
    ],
    [
      1.009,
      -5.816
    ],
    [
      0.799,
      -5.818
    ],
    [
      0.591,
      -5.82
    ],
    [
      0.386,
      -5.821
    ],
    [
      0.129,
      -5.824
    ],
    [
      -0.072,
      -5.826
    ],
    [
      -0.317,
      -5.828
    ],
    [
      -0.558,
      -5.83
    ],
    [
      -0.789,
      -5.832
    ],
    [
      -0.998,
      -5.835
    ],
    [
      -1.224,
      -5.836
    ],
    [
      -1.445,
      -5.836
    ],
    [
      -1.663,
      -5.836
    ],
    [
      -1.863,
      -5.836
    ],
    [
      -2.084,
      -5.835
    ],
    [
      -2.309,
      -5.835
    ],
    [
      -2.538,
      -5.835
    ],
    [
      -2.765,
      -5.832
    ],
    [
      -2.983,
      -5.824
    ],
    [
      -3.186,
      -5.81
    ],
    [
      -3.39,
      -5.787
    ],
    [
      -3.606,
      -5.74
    ],
    [
      -3.818,
      -5.673
    ],
    [
      -4.015,
      -5.592
    ],
    [
      -4.207,
      -5.512
    ],
    [
      -4.405,
      -5.428
    ],
    [
      -4.604,
      -5.34
    ],
    [
      -4.794,
      -5.252
    ],
    [
      -4.987,
      -5.161
    ],
    [
      -5.17,
      -5.074
    ],
    [
      -5.369,
      -4.982
    ],
    [
      -5.554,
      -4.895
    ],
    [
      -5.746,
      -4.807
    ],
    [
      -5.937,
      -4.718
    ],
    [
      -6.405,
      -4.445
    ],
    [
      -6.587,
      -4.298
    ],
    [
      -6.757,
      -4.14
    ],
    [
      -6.898,
      -3.99
    ],
    [
