{
  "start_time": 1748788864.9483938,
  "end_time": 1748788865.863854,
  "duration_seconds": 0.92,
  "trajectory": [
    [
      -8.028,
      8.099
    ],
    [
      -8.027,
      7.899
    ],
    [
      -8.047,
      7.683
    ],
    [
      -8.072,
      7.471
    ],
    [
      -8.07,
      7.245
    ],
    [
      -8.016,
      7.036
    ],
    [
      -7.951,
      6.823
    ],
    [
      -7.875,
      6.618
    ],
    [
      -7.797,
      6.421
    ],
    [
      -7.716,
      6.23
    ],
    [
      -7.632,
      6.048
    ],
    [
      -7.525,
      5.854
    ],
    [
      -7.394,
      5.678
    ],
    [
      -7.218,
      5.547
    ],
    [
      -7.003,
      5.502
    ],
    [
      -6.798,
      5.544
    ],
    [
      -6.608,
      5.637
    ],
    [
      -6.446,
      5.757
    ],
    [
      -6.286,
      5.895
    ],
    [
      -6.111,
      6.051
    ],
    [
      -5.934,
      6.224
    ],
    [
      -5.789,
      6.393
    ],
    [
      -5.648,
      6.558
    ],
    [
      -5.506,
      6.724
    ],
    [
      -5.368,
      6.875
    ],
    [
      -5.222,
      7.023
    ],
    [
      -5.056,
      7.177
    ],
    [
      -4.891,
      7.308
    ],
    [
      -4.696,
      7.423
    ],
    [
      -4.487,
      7.513
    ],
    [
      -4.283,
      7.573
    ],
    [
      -4.07,
      7.58
    ],
    [
      -3.865,
      7.52
    ],
    [
      -3.69,
      7.375
    ],
    [
      -3.584,
      7.2
    ],
    [
      -3.533,
      6.986
    ],
    [
      -3.54,
      6.768
    ],
    [
      -3.61,
      6.489
    ],
    [
      -3.693,
      6.289
    ],
    [
      -3.788,
      6.105
    ],
    [
      -3.896,
      5.926
    ],
    [
      -4.017,
      5.748
    ],
    [
      -4.142,
      5.579
    ],
    [
      -4.274,
      5.417
    ],
    [
      -4.409,
      5.262
    ],
    [
      -4.551,
      5.109
    ],
    [
      -4.694,
      4.959
    ],
    [
      -4.846,
      4.8
    ],
    [
      -4.993,
      4.646
    ],
    [
      -5.213,
      4.417
    ],
    [
      -5.351,
      4.271
    ],
    [
      -5.502,
      4.102
    ],
    [
      -5.649,
      3.933
    ],
    [
      -5.793,
      3.766
    ],
    [
      -5.942,
      3.594
    ],
    [
      -6.094,
      3.417
    ],
    [
      -6.225,
      3.264
    ],
    [
      -6.363,
      3.104
    ],
    [
      -6.503,
      2.939
    ],
    [
      -6.64,
      2.783
    ],
    [
      -6.777,
      2.628
    ],
    [
      -6.914,
      2.474
    ],
    [
      -7.055,
      2.315
    ],
    [
      -7.19,
      2.163
    ],
    [
      -7.436,
      1.887
    ],
    [
      -7.586,
      1.72
    ],
    [
      -7.719,
      1.566
    ],
    [
      -7.855,
      1.376
    ],
    [
      -7.959,
      1.172
    ],
    [
      -8.028,
      0.963
    ],
    [
      -8.076,
      0.741
    ],
    [
      -8.105,
      0.525
    ],
    [
      -8.125,
      0.305
    ],
    [
      -8.139,
      0.097
    ],
    [
      -8.154,
      -0.124
    ],
    [
      -8.164,
      -0.34
    ],
    [
      -8.173,
      -0.573
    ],
    [
      -8.183,
      -0.782
    ],
    [
      -8.201,
      -1.001
    ],
    [
      -8.229,
      -1.211
    ],
    [
      -8.264,
      -1.417
    ],
    [
      -8.295,
      -1.649
    ],
    [
      -8.298,
      -1.869
    ],
    [
      -8.272,
      -2.085
    ],
    [
      -8.181,
      -2.369
    ],
    [
      -8.095,
      -2.559
    ],
    [
      -7.983,
      -2.781
    ],
    [
      -7.849,
      -2.973
    ],
    [
      -7.665,
      -3.136
    ],
    [
      -7.442,
      -3.239
    ],
    [
      -7.229,
      -3.286
    ],
    [
      -7.014,
      -3.307
    ],
    [
      -6.776,
      -3.322
    ],
    [
      -6.561,
      -3.331
    ],
    [
      -6.343,
      -3.337
    ],
    [
      -6.123,
      -3.341
    ],
    [
      -5.906,
      -3.344
    ],
    [
      -5.702,
      -3.345
    ],
    [
      -5.486,
      -3.346
    ],
    [
      -5.248,
      -3.346
    ],
    [
      -5.028,
      -3.346
    ],
    [
      -4.791,
      -3.346
    ],
    [
      -4.565,
      -3.346
    ],
    [
      -4.335,
      -3.345
    ],
    [
      -4.106,
      -3.345
    ],
    [
      -3.883,
      -3.344
    ],
    [
      -3.653,
      -3.342
    ],
    [
      -3.418,
      -3.34
    ],
    [
      -3.179,
      -3.337
    ],
    [
      -2.962,
      -3.335
    ],
    [
      -2.726,
      -3.333
    ],
    [
      -2.333,
      -3.32
    ],
    [
      -2.12,
      -3.291
    ],
    [
      -1.917,
      -3.241
    ],
    [
      -1.684,
      -3.153
    ],
    [
      -1.49,
      -3.05
    ],
    [
      -1.287,
      -2.916
    ],
    [
      -1.119,
      -2.791
    ],
    [
      -0.936,
      -2.639
    ],
    [
      -0.758,
      -2.484
    ],
    [
      -0.607,
      -2.346
    ],
    [
      -0.46,
      -2.207
    ],
    [
      -0.313,
      -2.067
    ],
    [
      -0.138,
      -1.897
    ],
    [
      0.016,
      -1.747
    ],
    [
      0.194,
      -1.571
    ],
    [
      0.352,
      -1.413
    ],
    [
      0.534,
      -1.231
    ],
    [
      0.707,
      -1.058
    ],
    [
      0.879,
      -0.886
    ],
    [
      1.027,
      -0.739
    ],
    [
      1.207,
      -0.575
    ],
    [
      1.403,
      -0.426
    ],
    [
      1.588,
      -0.322
    ],
    [
      1.785,
      -0.246
    ],
    [
      1.983,
      -0.212
    ],
    [
      2.201,
      -0.23
    ],
    [
      2.388,
      -0.313
    ],
    [
      2.536,
      -0.457
    ],
    [
      2.632,
      -0.647
    ],
    [
      2.665,
      -0.902
    ],
    [
      2.638,
      -1.11
    ],
    [
      2.654,
      -1.367
    ],
    [
      2.739,
      -1.606
    ],
    [
      2.82,
      -1.816
    ],
    [
      3.078,
      -2.375
    ],
    [
      3.207,
      -2.582
    ],
    [
      3.327,
      -2.769
    ],
    [
      3.495,
      -2.972
    ],
    [
      3.68,
      -3.122
    ],
    [
      3.888,
      -3.223
    ],
    [
      4.097,
      -3.276
    ],
    [
      4.311,
      -3.301
    ],
    [
      4.524,
      -3.317
    ],
    [
      4.751,
      -3.327
    ],
    [
      4.953,
      -3.333
    ],
    [
      5.158,
      -3.338
    ],
    [
      5.398,
      -3.341
    ],
    [
      5.61,
      -3.344
    ],
    [
      5.863,
      -3.348
    ],
    [
      6.067,
      -3.35
    ],
    [
      6.277,
      -3.353
    ],
    [
      6.48,
      -3.356
    ],
    [
      6.692,
      -3.365
    ],
    [
      6.939,
      -3.398
    ],
    [
      7.176,
      -3.478
    ],
    [
      7.369,
      -3.614
    ],
    [
      7.503,
      -3.809
    ],
    [
      7.565,
      -4.035
    ],
    [
      7.56,
      -4.27
    ],
    [
      7.504,
      -4.484
    ],
    [
      7.411,
      -4.665
    ],
    [
      7.263,
      -4.846
    ],
    [
      7.126,
      -4.995
    ],
    [
      6.984,
      -5.138
    ],
    [
      6.843,
      -5.283
    ],
    [
      6.687,
      -5.436
    ],
    [
      6.531,
      -5.588
    ],
    [
      6.364,
      -5.754
    ],
    [
      6.207,
      -5.925
    ],
    [
      6.055,
      -6.103
    ],
    [
      5.913,
      -6.31
    ],
    [
      5.804,
      -6.514
    ],
    [
      5.721,
      -6.734
    ],
    [
      5.662,
      -6.929
    ],
    [
      5.599,
      -7.129
    ],
    [
      5.52,
      -7.325
    ],
    [
      5.397,
      -7.507
    ],
    [
      5.215,
      -7.666
    ],
    [
      4.994,
      -7.766
    ],
    [
      4.761,
      -7.824
    ],
    [
      4.504,
      -7.86
    ],
    [
      4.268,
      -7.869
    ],
    [
      4.032,
      -7.848
    ],
    [
      3.55,
      -7.698
    ],
    [
      3.34,
      -7.596
    ],
    [
      3.137,
      -7.504
    ],
    [
      2.953,
      -7.425
    ],
    [
      2.727,
      -7.328
    ],
    [
      2.506,
      -7.232
    ],
    [
      2.283,
      -7.127
    ],
    [
      2.061,
