{
  "start_time": 1748795472.46696,
  "end_time": 1748795472.4672637,
  "duration_seconds": 0.0,
  "trajectory": [
    [
      0.014,
      -0.0
    ],
    [
      0.105,
      -0.187
    ],
    [
      0.064,
      -0.407
    ],
    [
      -0.051,
      -0.58
    ],
    [
      -0.199,
      -0.747
    ],
    [
      -0.34,
      -0.892
    ],
    [
      -0.484,
      -1.033
    ],
    [
      -0.633,
      -1.175
    ],
    [
      -0.795,
      -1.333
    ],
    [
      -0.941,
      -1.477
    ],
    [
      -1.105,
      -1.634
    ],
    [
      -1.257,
      -1.778
    ],
    [
      -1.414,
      -1.928
    ],
    [
      -1.572,
      -2.081
    ],
    [
      -1.727,
      -2.235
    ],
    [
      -1.887,
      -2.391
    ],
    [
      -2.035,
      -2.535
    ],
    [
      -2.186,
      -2.683
    ],
    [
      -2.337,
      -2.828
    ],
    [
      -2.499,
      -2.979
    ],
    [
      -2.657,
      -3.124
    ],
    [
      -2.815,
      -3.268
    ],
    [
      -2.965,
      -3.411
    ],
    [
      -3.126,
      -3.567
    ],
    [
      -3.282,
      -3.718
    ],
    [
      -3.438,
      -3.867
    ],
    [
      -3.584,
      -4.011
    ],
    [
      -3.738,
      -4.162
    ],
    [
      -3.893,
      -4.309
    ],
    [
      -4.058,
      -4.449
    ],
    [
      -4.251,
      -4.545
    ],
    [
      -4.466,
      -4.562
    ],
    [
      -4.683,
      -4.514
    ],
    [
      -4.895,
      -4.442
    ],
    [
      -5.101,
      -4.361
    ],
    [
      -5.315,
      -4.274
    ],
    [
      -5.5,
      -4.195
    ],
    [
      -5.684,
      -4.11
    ],
    [
      -5.869,
      -4.026
    ],
    [
      -6.069,
      -3.94
    ],
    [
      -6.26,
      -3.855
    ],
    [
      -6.445,
      -3.76
    ],
    [
      -6.62,
      -3.642
    ],
    [
      -6.785,
      -3.503
    ],
    [
      -6.949,
      -3.342
    ],
    [
      -7.094,
      -3.187
    ],
    [
      -7.234,
      -3.025
    ],
    [
      -7.36,
      -2.866
    ],
    [
      -7.521,
      -2.648
    ],
    [
      -7.649,
      -2.467
    ],
    [
      -7.759,
      -2.299
    ],
    [
      -7.861,
      -2.124
    ],
    [
      -7.946,
      -1.938
    ],
    [
      -8.02,
      -1.714
    ],
    [
      -8.061,
      -1.514
    ],
    [
      -8.092,
      -1.302
    ],
    [
      -8.104,
      -1.093
    ],
    [
      -7.946,
      -0.91
    ],
    [
      -7.734,
      -0.842
    ],
    [
      -7.52,
      -0.798
    ],
    [
      -7.315,
      -0.74
    ],
    [
      -7.116,
      -0.655
    ],
    [
      -6.937,
      -0.55
    ],
    [
      -6.767,
      -0.427
    ],
    [
      -6.605,
      -0.293
    ],
    [
      -6.442,
      -0.153
    ],
    [
      -6.264,
      0.006
    ],
    [
      -6.114,
      0.143
    ],
    [
      -5.963,
      0.285
    ],
    [
      -5.784,
      0.457
    ],
    [
      -5.61,
      0.63
    ],
    [
      -5.462,
      0.776
    ],
    [
      -5.319,
      0.918
    ],
    [
      -5.142,
      1.092
    ],
    [
      -4.967,
      1.266
    ],
    [
      -4.82,
      1.412
    ],
    [
      -4.678,
      1.554
    ],
    [
      -4.532,
      1.699
    ],
    [
      -4.39,
      1.843
    ],
    [
      -4.247,
      1.987
    ],
    [
      -4.079,
      2.157
    ],
    [
      -3.908,
      2.328
    ],
    [
      -3.75,
      2.489
    ],
    [
      -3.608,
      2.632
    ],
    [
      -3.439,
      2.803
    ],
    [
      -3.27,
      2.974
    ],
    [
      -3.129,
      3.117
    ],
    [
      -2.966,
      3.283
    ],
    [
      -2.798,
      3.455
    ],
    [
      -2.635,
      3.621
    ],
    [
      -2.467,
      3.792
    ],
    [
      -2.301,
      3.962
    ],
    [
      -2.127,
      4.14
    ],
    [
      -1.96,
      4.311
    ],
    [
      -1.794,
      4.482
    ],
    [
      -1.627,
      4.651
    ],
    [
      -1.459,
      4.82
    ],
    [
      -1.303,
      4.977
    ],
    [
      -1.141,
      5.141
    ],
    [
      -0.975,
      5.307
    ],
    [
      -0.808,
      5.476
    ],
    [
      -0.643,
      5.643
    ],
    [
      -0.479,
      5.81
    ],
    [
      -0.273,
      6.019
    ],
    [
      -0.104,
      6.19
    ],
    [
      0.064,
      6.359
    ],
    [
      0.226,
      6.52
    ],
    [
      0.4,
      6.691
    ],
    [
      0.57,
      6.854
    ],
    [
      0.741,
      7.012
    ],
    [
      0.912,
      7.16
    ],
    [
      1.093,
      7.305
    ],
    [
      1.27,
      7.427
    ],
    [
      1.481,
      7.533
    ],
    [
      1.709,
      7.604
    ],
    [
      1.948,
      7.633
    ],
    [
      2.181,
      7.613
    ],
    [
      2.415,
      7.534
    ],
    [
      2.595,
      7.411
    ],
    [
      2.754,
      7.236
    ],
    [
      2.896,
      7.035
    ],
    [
      3.018,
      6.82
    ],
    [
      3.146,
      6.608
    ],
    [
      3.279,
      6.444
    ],
    [
      3.439,
      6.321
    ],
    [
      3.668,
      6.251
    ],
    [
      3.913,
      6.277
    ],
    [
      4.133,
      6.38
    ],
    [
      4.414,
      6.59
    ],
    [
      4.588,
      6.734
    ],
    [
      4.769,
      6.883
    ],
    [
      4.933,
      7.018
    ],
    [
      5.111,
      7.156
    ],
    [
      5.306,
      7.274
    ],
    [
      5.528,
      7.36
    ],
    [
      5.752,
      7.392
    ],
    [
      5.978,
      7.356
    ],
    [
      6.161,
      7.256
    ],
    [
      6.312,
      7.095
    ],
    [
      6.415,
      6.897
    ],
    [
      6.483,
      6.684
    ],
    [
      6.529,
      6.469
    ],
    [
      6.565,
      6.248
    ],
    [
      6.589,
      6.034
    ],
    [
      6.605,
      5.819
    ],
    [
      6.612,
      5.607
    ],
    [
      6.611,
      5.395
    ],
    [
      6.606,
      5.185
    ],
    [
      6.6,
      4.973
    ],
    [
      6.594,
      4.762
    ],
    [
      6.589,
      4.559
    ],
    [
      6.582,
      4.344
    ],
    [
      6.572,
      3.994
    ],
    [
      6.566,
      3.786
    ],
    [
      6.561,
      3.574
    ],
    [
      6.558,
      3.36
    ],
    [
      6.556,
      3.157
    ],
    [
      6.554,
      2.953
    ],
    [
      6.554,
      2.748
    ],
    [
      6.553,
      2.546
    ],
    [
      6.553,
      2.343
    ],
    [
      6.553,
      2.138
    ],
    [
      6.553,
      1.93
    ],
    [
      6.553,
      1.724
    ],
    [
      6.553,
      1.518
    ],
    [
      6.553,
      1.31
    ],
    [
      6.554,
      1.082
    ],
    [
      6.554,
      0.876
    ],
    [
      6.554,
      0.671
    ],
    [
      6.554,
      0.465
    ],
    [
      6.555,
      0.264
    ],
    [
      6.555,
      0.055
    ],
    [
      6.555,
      -0.145
    ],
    [
      6.556,
      -0.349
    ],
    [
      6.556,
      -0.556
    ],
    [
      6.557,
      -0.76
    ],
    [
      6.557,
      -0.966
    ],
    [
      6.558,
      -1.168
    ],
    [
      6.559,
      -1.533
    ],
    [
      6.555,
      -1.734
    ],
    [
      6.54,
      -1.94
    ],
    [
      6.511,
      -2.139
    ],
    [
      6.46,
      -2.333
    ],
    [
      6.381,
      -2.546
    ],
    [
      6.254,
      -2.724
    ],
    [
      6.117,
      -2.872
    ],
    [
      5.974,
      -3.012
    ],
    [
      5.815,
      -3.159
    ],
    [
      5.664,
      -3.296
    ],
    [
      5.515,
      -3.435
    ],
    [
      5.366,
      -3.577
    ],
    [
      5.219,
      -3.717
    ],
    [
      5.062,
      -3.871
    ],
    [
      4.917,
      -4.013
    ],
    [
      4.768,
      -4.157
    ],
    [
      4.612,
      -4.302
    ],
    [
      4.465,
      -4.446
    ],
    [
      4.303,
      -4.607
    ],
    [
      4.157,
      -4.754
    ],
    [
      3.994,
      -4.913
    ],
    [
      3.839,
      -5.065
    ],
    [
      3.674,
      -5.227
    ],
    [
      3.521,
      -5.378
    ],
    [
      3.374,
