{
  "start_time": 1748792517.9327564,
  "end_time": 1748792517.9330757,
  "duration_seconds": 0.0,
  "trajectory": [
    [
      -8.936,
      -0.031
    ],
    [
      -8.736,
      -0.032
    ],
    [
      -8.545,
      0.046
    ],
    [
      -8.365,
      0.193
    ],
    [
      -8.214,
      0.348
    ],
    [
      -8.078,
      0.523
    ],
    [
      -7.959,
      0.714
    ],
    [
      -7.872,
      0.913
    ],
    [
      -7.807,
      1.121
    ],
    [
      -7.767,
      1.321
    ],
    [
      -7.734,
      1.541
    ],
    [
      -7.714,
      1.754
    ],
    [
      -7.701,
      1.97
    ],
    [
      -7.688,
      2.191
    ],
    [
      -7.68,
      2.416
    ],
    [
      -7.673,
      2.637
    ],
    [
      -7.669,
      2.844
    ],
    [
      -7.668,
      3.062
    ],
    [
      -7.667,
      3.264
    ],
    [
      -7.665,
      3.482
    ],
    [
      -7.664,
      3.703
    ],
    [
      -7.663,
      3.907
    ],
    [
      -7.662,
      4.11
    ],
    [
      -7.662,
      4.315
    ],
    [
      -7.661,
      4.526
    ],
    [
      -7.661,
      4.735
    ],
    [
      -7.661,
      4.941
    ],
    [
      -7.661,
      5.143
    ],
    [
      -7.661,
      5.358
    ],
    [
      -7.657,
      5.566
    ],
    [
      -7.65,
      5.788
    ],
    [
      -7.641,
      5.994
    ],
    [
      -7.63,
      6.222
    ],
    [
      -7.619,
      6.436
    ],
    [
      -7.609,
      6.638
    ],
    [
      -7.597,
      6.857
    ],
    [
      -7.584,
      7.078
    ],
    [
      -7.569,
      7.287
    ],
    [
      -7.546,
      7.494
    ],
    [
      -7.503,
      7.701
    ],
    [
      -7.42,
      7.908
    ],
    [
      -7.293,
      8.07
    ],
    [
      -7.117,
      8.185
    ],
    [
      -6.91,
      8.242
    ],
    [
      -6.706,
      8.246
    ],
    [
      -6.508,
      8.213
    ],
    [
      -6.304,
      8.149
    ],
    [
      -6.098,
      8.069
    ],
    [
      -5.904,
      7.999
    ],
    [
      -5.693,
      7.945
    ],
    [
      -5.49,
      7.892
    ],
    [
      -5.34,
      7.731
    ],
    [
      -5.232,
      7.548
    ],
    [
      -5.142,
      7.351
    ],
    [
      -5.06,
      7.149
    ],
    [
      -4.981,
      6.942
    ],
    [
      -4.9,
      6.741
    ],
    [
      -4.822,
      6.537
    ],
    [
      -4.743,
      6.335
    ],
    [
      -4.661,
      6.131
    ],
    [
      -4.588,
      5.931
    ],
    [
      -4.524,
      5.732
    ],
    [
      -4.473,
      5.535
    ],
    [
      -4.429,
      5.325
    ],
    [
      -4.412,
      5.116
    ],
    [
      -4.429,
      4.909
    ],
    [
      -4.467,
      4.709
    ],
    [
      -4.521,
      4.504
    ],
    [
      -4.59,
      4.309
    ],
    [
      -4.669,
      4.115
    ],
    [
      -4.75,
      3.92
    ],
    [
      -4.814,
      3.723
    ],
    [
      -4.867,
      3.505
    ],
    [
      -4.928,
      3.306
    ],
    [
      -4.897,
      3.104
    ],
    [
      -4.796,
      2.923
    ],
    [
      -4.628,
      2.79
    ],
    [
      -4.418,
      2.711
    ],
    [
      -4.211,
      2.691
    ],
    [
      -4.01,
      2.714
    ],
    [
      -3.792,
      2.777
    ],
    [
      -3.59,
      2.869
    ],
    [
      -3.405,
      2.983
    ],
    [
      -3.231,
      3.109
    ],
    [
      -3.07,
      3.237
    ],
    [
      -2.907,
      3.376
    ],
    [
      -2.755,
      3.512
    ],
    [
      -2.601,
      3.654
    ],
    [
      -2.451,
      3.796
    ],
    [
      -2.238,
      3.995
    ],
    [
      -2.084,
      4.137
    ],
    [
      -1.937,
      4.279
    ],
    [
      -1.787,
      4.424
    ],
    [
      -1.64,
      4.569
    ],
    [
      -1.487,
      4.717
    ],
    [
      -1.34,
      4.861
    ],
    [
      -1.189,
      5.007
    ],
    [
      -1.044,
      5.148
    ],
    [
      -0.899,
      5.289
    ],
    [
      -0.746,
      5.433
    ],
    [
      -0.593,
      5.574
    ],
    [
      -0.441,
      5.715
    ],
    [
      -0.288,
      5.859
    ],
    [
      -0.141,
      6.001
    ],
    [
      0.005,
      6.141
    ],
    [
      0.149,
      6.284
    ],
    [
      0.298,
      6.43
    ],
    [
      0.448,
      6.58
    ],
    [
      0.591,
      6.721
    ],
    [
      0.734,
      6.865
    ],
    [
      0.886,
      7.012
    ],
    [
      1.053,
      7.165
    ],
    [
      1.246,
      7.32
    ],
    [
      1.435,
      7.425
    ],
    [
      1.655,
      7.482
    ],
    [
      1.872,
      7.468
    ],
    [
      2.079,
      7.389
    ],
    [
      2.265,
      7.266
    ],
    [
      2.432,
      7.132
    ],
    [
      2.595,
      7.0
    ],
    [
      2.763,
      6.859
    ],
    [
      2.932,
      6.705
    ],
    [
      3.082,
      6.563
    ],
    [
      3.249,
      6.402
    ],
    [
      3.412,
      6.242
    ],
    [
      3.555,
      6.1
    ],
    [
      3.697,
      5.959
    ],
    [
      3.861,
      5.793
    ],
    [
      4.012,
      5.642
    ],
    [
      4.154,
      5.498
    ],
    [
      4.285,
      5.344
    ],
    [
      4.4,
      5.16
    ],
    [
      4.501,
      4.972
    ],
    [
      4.59,
      4.782
    ],
    [
      4.679,
      4.584
    ],
    [
      4.765,
      4.385
    ],
    [
      4.845,
      4.183
    ],
    [
      4.921,
      3.983
    ],
    [
      5.003,
      3.782
    ],
    [
      5.088,
      3.573
    ],
    [
      5.166,
      3.386
    ],
    [
      5.254,
      3.169
    ],
    [
      5.386,
      2.889
    ],
    [
      5.475,
      2.701
    ],
    [
      5.556,
      2.505
    ],
    [
      5.626,
      2.311
    ],
    [
      5.699,
      2.087
    ],
    [
      5.763,
      1.849
    ],
    [
      5.808,
      1.61
    ],
    [
      5.84,
      1.368
    ],
    [
      5.801,
      1.125
    ],
    [
      5.685,
      0.914
    ],
    [
      5.515,
      0.734
    ],
    [
      5.349,
      0.617
    ],
    [
      5.125,
      0.518
    ],
    [
      4.879,
      0.468
    ],
    [
      4.677,
      0.449
    ],
    [
      4.469,
      0.457
    ],
    [
      4.257,
      0.478
    ],
    [
      4.056,
      0.505
    ],
    [
      3.84,
      0.54
    ],
    [
      3.621,
      0.58
    ],
    [
      3.398,
      0.622
    ],
    [
      3.174,
      0.67
    ],
    [
      2.953,
      0.708
    ],
    [
      2.719,
      0.74
    ],
    [
      2.476,
      0.739
    ],
    [
      2.24,
      0.698
    ],
    [
      2.018,
      0.618
    ],
    [
      1.811,
      0.509
    ],
    [
      1.618,
      0.384
    ],
    [
      1.434,
      0.252
    ],
    [
      1.258,
      0.113
    ],
    [
      1.088,
      -0.033
    ],
    [
      0.917,
      -0.183
    ],
    [
      0.755,
      -0.333
    ],
    [
      0.595,
      -0.481
    ],
    [
      0.432,
      -0.632
    ],
    [
      0.266,
      -0.786
    ],
    [
      0.107,
      -0.933
    ],
    [
      -0.049,
      -1.081
    ],
    [
      -0.212,
      -1.234
    ],
    [
      -0.366,
      -1.379
    ],
    [
      -0.53,
      -1.522
    ],
    [
      -0.699,
      -1.658
    ],
    [
      -0.863,
      -1.786
    ],
    [
      -1.036,
      -1.913
    ],
    [
      -1.205,
      -2.036
    ],
    [
      -1.375,
      -2.16
    ],
    [
      -1.546,
      -2.292
    ],
    [
      -1.954,
      -2.646
    ],
    [
      -2.099,
      -2.786
    ],
    [
      -2.245,
      -2.939
    ],
    [
      -2.386,
      -3.102
    ],
    [
      -2.51,
      -3.272
    ],
    [
      -2.617,
      -3.459
    ],
    [
      -2.696,
      -3.649
    ],
    [
      -2.741,
      -3.852
    ],
    [
      -2.745,
      -4.08
    ],
    [
      -2.696,
      -4.289
    ],
    [
      -2.583,
      -4.475
    ],
    [
      -2.424,
      -4.609
    ],
    [
      -2.235,
      -4.697
    ],
    [
      -2.037,
      -4.75
    ],
    [
