{
  "start_time": 1748795037.5218248,
  "end_time": 1748795037.5443566,
  "duration_seconds": 0.02,
  "trajectory": [
    [
      0.014,
      -0.0
    ],
    [
      0.111,
      -0.176
    ],
    [
      0.105,
      -0.387
    ],
    [
      -0.006,
      -0.582
    ],
    [
      -0.15,
      -0.747
    ],
    [
      -0.3,
      -0.9
    ],
    [
      -0.455,
      -1.054
    ],
    [
      -0.614,
      -1.212
    ],
    [
      -0.775,
      -1.372
    ],
    [
      -0.933,
      -1.528
    ],
    [
      -1.087,
      -1.681
    ],
    [
      -1.242,
      -1.833
    ],
    [
      -1.4,
      -1.986
    ],
    [
      -1.555,
      -2.131
    ],
    [
      -1.736,
      -2.298
    ],
    [
      -1.892,
      -2.443
    ],
    [
      -2.046,
      -2.592
    ],
    [
      -2.198,
      -2.738
    ],
    [
      -2.346,
      -2.883
    ],
    [
      -2.496,
      -3.029
    ],
    [
      -2.649,
      -3.177
    ],
    [
      -2.796,
      -3.318
    ],
    [
      -2.94,
      -3.463
    ],
    [
      -3.082,
      -3.604
    ],
    [
      -3.251,
      -3.768
    ],
    [
      -3.412,
      -3.922
    ],
    [
      -3.57,
      -4.074
    ],
    [
      -3.722,
      -4.218
    ],
    [
      -3.874,
      -4.363
    ],
    [
      -4.041,
      -4.511
    ],
    [
      -4.234,
      -4.616
    ],
    [
      -4.469,
      -4.648
    ],
    [
      -4.668,
      -4.614
    ],
    [
      -4.878,
      -4.547
    ],
    [
      -5.077,
      -4.47
    ],
    [
      -5.286,
      -4.383
    ],
    [
      -5.497,
      -4.287
    ],
    [
      -5.687,
      -4.198
    ],
    [
      -5.883,
      -4.105
    ],
    [
      -6.082,
      -4.012
    ],
    [
      -6.279,
      -3.913
    ],
    [
      -6.471,
      -3.794
    ],
    [
      -6.649,
      -3.653
    ],
    [
      -6.811,
      -3.502
    ],
    [
      -6.95,
      -3.357
    ],
    [
      -7.124,
      -3.16
    ],
    [
      -7.269,
      -2.98
    ],
    [
      -7.399,
      -2.811
    ],
    [
      -7.53,
      -2.639
    ],
    [
      -7.664,
      -2.452
    ],
    [
      -7.78,
      -2.279
    ],
    [
      -7.887,
      -2.087
    ],
    [
      -7.964,
      -1.899
    ],
    [
      -8.026,
      -1.682
    ],
    [
      -8.068,
      -1.474
    ],
    [
      -8.096,
      -1.25
    ],
    [
      -7.985,
      -1.061
    ],
    [
      -7.74,
      -0.954
    ],
    [
      -7.497,
      -0.876
    ],
    [
      -7.274,
      -0.784
    ],
    [
      -7.063,
      -0.665
    ],
    [
      -6.87,
      -0.526
    ],
    [
      -6.693,
      -0.384
    ],
    [
      -6.52,
      -0.236
    ],
    [
      -6.341,
      -0.076
    ],
    [
      -6.183,
      0.071
    ],
    [
      -5.999,
      0.245
    ],
    [
      -5.848,
      0.392
    ],
    [
      -5.691,
      0.547
    ],
    [
      -5.531,
      0.708
    ],
    [
      -5.379,
      0.861
    ],
    [
      -5.224,
      1.017
    ],
    [
      -5.065,
      1.178
    ],
    [
      -4.903,
      1.341
    ],
    [
      -4.734,
      1.512
    ],
    [
      -4.581,
      1.668
    ],
    [
      -4.425,
      1.827
    ],
    [
      -4.264,
      1.992
    ],
    [
      -4.113,
      2.146
    ],
    [
      -3.955,
      2.307
    ],
    [
      -3.784,
      2.482
    ],
    [
      -3.557,
      2.714
    ],
    [
      -3.406,
      2.869
    ],
    [
      -3.248,
      3.031
    ],
    [
      -3.082,
      3.198
    ],
    [
      -2.918,
      3.361
    ],
    [
      -2.766,
      3.513
    ],
    [
      -2.603,
      3.676
    ],
    [
      -2.441,
      3.837
    ],
    [
      -2.279,
      3.998
    ],
    [
      -2.112,
      4.165
    ],
    [
      -1.952,
      4.324
    ],
    [
      -1.799,
      4.476
    ],
    [
      -1.655,
      4.619
    ],
    [
      -1.497,
      4.776
    ],
    [
      -1.311,
      4.96
    ],
    [
      -1.166,
      5.103
    ],
    [
      -1.009,
      5.258
    ],
    [
      -0.856,
      5.409
    ],
    [
      -0.697,
      5.566
    ],
    [
      -0.538,
      5.723
    ],
    [
      -0.37,
      5.889
    ],
    [
      -0.208,
      6.048
    ],
    [
      -0.052,
      6.202
    ],
    [
      0.135,
      6.386
    ],
    [
      0.294,
      6.542
    ],
    [
      0.475,
      6.72
    ],
    [
      0.628,
      6.87
    ],
    [
      0.781,
      7.019
    ],
    [
      0.943,
      7.169
    ],
    [
      1.117,
      7.315
    ],
    [
      1.309,
      7.446
    ],
    [
      1.525,
      7.55
    ],
    [
      1.721,
      7.609
    ],
    [
      1.958,
      7.636
    ],
    [
      2.194,
      7.61
    ],
    [
      2.435,
      7.522
    ],
    [
      2.608,
      7.412
    ],
    [
      2.762,
      7.247
    ],
    [
      2.894,
      7.053
    ],
    [
      3.006,
      6.846
    ],
    [
      3.122,
      6.644
    ],
    [
      3.272,
      6.445
    ],
    [
      3.464,
      6.297
    ],
    [
      3.686,
      6.243
    ],
    [
      3.914,
      6.275
    ],
    [
      4.122,
      6.372
    ],
    [
      4.32,
      6.517
    ],
    [
      4.498,
      6.661
    ],
    [
      4.656,
      6.792
    ],
    [
      4.854,
      6.956
    ],
    [
      5.027,
      7.096
    ],
    [
      5.233,
      7.238
    ],
    [
      5.432,
      7.335
    ],
    [
      5.661,
      7.4
    ],
    [
      5.863,
      7.414
    ],
    [
      6.211,
      7.294
    ],
    [
      6.349,
      7.147
    ],
    [
      6.452,
      6.947
    ],
    [
      6.513,
      6.727
    ],
    [
      6.551,
      6.482
    ],
    [
      6.576,
      6.259
    ],
    [
      6.588,
      6.039
    ],
    [
      6.592,
      5.812
    ],
    [
      6.594,
      5.608
    ],
    [
      6.596,
      5.404
    ],
    [
      6.597,
      5.196
    ],
    [
      6.597,
      4.978
    ],
    [
      6.597,
      4.76
    ],
    [
      6.597,
      4.549
    ],
    [
      6.597,
      4.341
    ],
    [
      6.597,
      4.133
    ],
    [
      6.596,
      3.908
    ],
    [
      6.593,
      3.679
    ],
    [
      6.59,
      3.451
    ],
    [
      6.588,
      3.247
    ],
    [
      6.584,
      3.007
    ],
    [
      6.581,
      2.765
    ],
    [
      6.578,
      2.559
    ],
    [
      6.575,
      2.354
    ],
    [
      6.571,
      2.142
    ],
    [
      6.568,
      1.941
    ],
    [
      6.564,
      1.703
    ],
    [
      6.559,
      1.468
    ],
    [
      6.556,
      1.229
    ],
    [
      6.555,
      0.868
    ],
    [
      6.554,
      0.661
    ],
    [
      6.553,
      0.457
    ],
    [
      6.552,
      0.234
    ],
    [
      6.552,
      0.024
    ],
    [
      6.552,
      -0.197
    ],
    [
      6.553,
      -0.431
    ],
    [
      6.554,
      -0.648
    ],
    [
      6.555,
      -0.881
    ],
    [
      6.556,
      -1.088
    ],
    [
      6.558,
      -1.315
    ],
    [
      6.559,
      -1.544
    ],
    [
      6.554,
      -1.757
    ],
    [
      6.534,
      -2.0
    ],
    [
      6.488,
      -2.237
    ],
    [
      6.422,
      -2.441
    ],
    [
      6.33,
      -2.621
    ],
    [
      6.178,
      -2.807
    ],
    [
      6.016,
      -2.979
    ],
    [
      5.842,
      -3.155
    ],
    [
      5.698,
      -3.299
    ],
    [
      5.536,
      -3.452
    ],
    [
      5.357,
      -3.613
    ],
    [
      5.182,
      -3.775
    ],
    [
      5.002,
      -3.941
    ],
    [
      4.838,
      -4.1
    ],
    [
      4.693,
      -4.238
    ],
    [
      4.525,
      -4.402
    ],
    [
      4.348,
      -4.573
    ],
    [
      4.192,
      -4.722
    ],
    [
      4.015,
      -4.892
    ],
    [
      3.843,
      -5.059
    ],
    [
      3.675,
      -5.223
    ],
    [
      3.526,
      -5.368
    ],
    [
      3.375,
      -5.514
    ],
    [
      3.232,
      -5.654
    ],
    [
      2.936,
      -5.945
    ],
    [
      2.788,
      -6.087
    ],
    [
