{
  "start_time": 1748789432.7376742,
  "end_time": 1748789432.7381299,
  "duration_seconds": 0.0,
  "trajectory": [
    [
      -8.028,
      8.099
    ],
    [
      -8.027,
      7.899
    ],
    [
      -8.047,
      7.679
    ],
    [
      -8.072,
      7.467
    ],
    [
      -8.095,
      7.238
    ],
    [
      -8.052,
      7.028
    ],
    [
      -7.984,
      6.821
    ],
    [
      -7.913,
      6.623
    ],
    [
      -7.834,
      6.415
    ],
    [
      -7.761,
      6.228
    ],
    [
      -7.674,
      6.027
    ],
    [
      -7.58,
      5.842
    ],
    [
      -7.459,
      5.665
    ],
    [
      -7.299,
      5.526
    ],
    [
      -7.086,
      5.455
    ],
    [
      -6.856,
      5.492
    ],
    [
      -6.668,
      5.601
    ],
    [
      -6.5,
      5.748
    ],
    [
      -6.353,
      5.891
    ],
    [
      -6.193,
      6.046
    ],
    [
      -6.048,
      6.189
    ],
    [
      -5.892,
      6.343
    ],
    [
      -5.739,
      6.494
    ],
    [
      -5.592,
      6.641
    ],
    [
      -5.44,
      6.792
    ],
    [
      -5.289,
      6.942
    ],
    [
      -5.133,
      7.091
    ],
    [
      -4.965,
      7.235
    ],
    [
      -4.791,
      7.36
    ],
    [
      -4.614,
      7.455
    ],
    [
      -4.417,
      7.533
    ],
    [
      -4.218,
      7.578
    ],
    [
      -4.015,
      7.571
    ],
    [
      -3.818,
      7.491
    ],
    [
      -3.672,
      7.35
    ],
    [
      -3.574,
      7.167
    ],
    [
      -3.531,
      6.956
    ],
    [
      -3.537,
      6.74
    ],
    [
      -3.585,
      6.529
    ],
    [
      -3.664,
      6.325
    ],
    [
      -3.763,
      6.145
    ],
    [
      -3.878,
      5.959
    ],
    [
      -3.995,
      5.787
    ],
    [
      -4.116,
      5.623
    ],
    [
      -4.252,
      5.456
    ],
    [
      -4.387,
      5.303
    ],
    [
      -4.531,
      5.15
    ],
    [
      -4.671,
      5.001
    ],
    [
      -4.808,
      4.855
    ],
    [
      -4.965,
      4.687
    ],
    [
      -5.113,
      4.53
    ],
    [
      -5.267,
      4.366
    ],
    [
      -5.417,
      4.206
    ],
    [
      -5.567,
      4.042
    ],
    [
      -5.703,
      3.886
    ],
    [
      -5.836,
      3.733
    ],
    [
      -5.981,
      3.565
    ],
    [
      -6.117,
      3.407
    ],
    [
      -6.253,
      3.249
    ],
    [
      -6.39,
      3.089
    ],
    [
      -6.525,
      2.933
    ],
    [
      -6.656,
      2.78
    ],
    [
      -6.79,
      2.627
    ],
    [
      -6.925,
      2.472
    ],
    [
      -7.06,
      2.319
    ],
    [
      -7.192,
      2.168
    ],
    [
      -7.331,
      2.011
    ],
    [
      -7.467,
      1.857
    ],
    [
      -7.61,
      1.695
    ],
    [
      -7.757,
      1.525
    ],
    [
      -7.874,
      1.36
    ],
    [
      -7.967,
      1.175
    ],
    [
      -8.039,
      0.959
    ],
    [
      -8.08,
      0.762
    ],
    [
      -8.116,
      0.425
    ],
    [
      -8.129,
      0.219
    ],
    [
      -8.143,
      -0.001
    ],
    [
      -8.157,
      -0.214
    ],
    [
      -8.168,
      -0.431
    ],
    [
      -8.179,
      -0.64
    ],
    [
      -8.193,
      -0.858
    ],
    [
      -8.216,
      -1.076
    ],
    [
      -8.249,
      -1.29
    ],
    [
      -8.285,
      -1.508
    ],
    [
      -8.307,
      -1.73
    ],
    [
      -8.304,
      -1.939
    ],
    [
      -8.265,
      -2.154
    ],
    [
      -8.201,
      -2.361
    ],
    [
      -8.123,
      -2.562
    ],
    [
      -8.025,
      -2.769
    ],
    [
      -7.917,
      -2.937
    ],
    [
      -7.777,
      -3.087
    ],
    [
      -7.493,
      -3.238
    ],
    [
      -7.287,
      -3.284
    ],
    [
      -7.079,
      -3.306
    ],
    [
      -6.876,
      -3.319
    ],
    [
      -6.661,
      -3.329
    ],
    [
      -6.454,
      -3.336
    ],
    [
      -6.242,
      -3.34
    ],
    [
      -6.028,
      -3.343
    ],
    [
      -5.813,
      -3.345
    ],
    [
      -5.592,
      -3.346
    ],
    [
      -5.37,
      -3.347
    ],
    [
      -5.152,
      -3.347
    ],
    [
      -4.935,
      -3.347
    ],
    [
      -4.71,
      -3.347
    ],
    [
      -4.496,
      -3.347
    ],
    [
      -4.275,
      -3.347
    ],
    [
      -4.051,
      -3.346
    ],
    [
      -3.812,
      -3.346
    ],
    [
      -3.604,
      -3.345
    ],
    [
      -3.373,
      -3.343
    ],
    [
      -3.159,
      -3.341
    ],
    [
      -2.959,
      -3.339
    ],
    [
      -2.759,
      -3.338
    ],
    [
      -2.541,
      -3.334
    ],
    [
      -2.111,
      -3.294
    ],
    [
      -1.906,
      -3.246
    ],
    [
      -1.693,
      -3.167
    ],
    [
      -1.49,
      -3.063
    ],
    [
      -1.309,
      -2.944
    ],
    [
      -1.13,
      -2.807
    ],
    [
      -0.975,
      -2.679
    ],
    [
      -0.803,
      -2.528
    ],
    [
      -0.635,
      -2.373
    ],
    [
      -0.467,
      -2.215
    ],
    [
      -0.299,
      -2.052
    ],
    [
      -0.138,
      -1.895
    ],
    [
      0.025,
      -1.737
    ],
    [
      0.184,
      -1.578
    ],
    [
      0.33,
      -1.432
    ],
    [
      0.487,
      -1.275
    ],
    [
      0.648,
      -1.114
    ],
    [
      0.808,
      -0.953
    ],
    [
      0.967,
      -0.794
    ],
    [
      1.132,
      -0.637
    ],
    [
      1.302,
      -0.496
    ],
    [
      1.482,
      -0.38
    ],
    [
      1.666,
      -0.291
    ],
    [
      1.861,
      -0.233
    ],
    [
      2.063,
      -0.213
    ],
    [
      2.283,
      -0.258
    ],
    [
      2.46,
      -0.367
    ],
    [
      2.59,
      -0.54
    ],
    [
      2.664,
      -0.936
    ],
    [
      2.632,
      -1.134
    ],
    [
      2.657,
      -1.337
    ],
    [
      2.728,
      -1.537
    ],
    [
      2.806,
      -1.734
    ],
    [
      2.885,
      -1.93
    ],
    [
      2.974,
      -2.143
    ],
    [
      3.061,
      -2.347
    ],
    [
      3.145,
      -2.534
    ],
    [
      3.245,
      -2.724
    ],
    [
      3.371,
      -2.905
    ],
    [
      3.537,
      -3.068
    ],
    [
      3.723,
      -3.182
    ],
    [
      3.936,
      -3.253
    ],
    [
      4.146,
      -3.289
    ],
    [
      4.351,
      -3.308
    ],
    [
      4.553,
      -3.32
    ],
    [
      4.778,
      -3.33
    ],
    [
      5.012,
      -3.336
    ],
    [
      5.249,
      -3.341
    ],
    [
      5.484,
      -3.344
    ],
    [
      5.687,
      -3.345
    ],
    [
      5.919,
      -3.347
    ],
    [
      6.146,
      -3.348
    ],
    [
      6.381,
      -3.349
    ],
    [
      6.612,
      -3.354
    ],
    [
      6.843,
      -3.375
    ],
    [
      7.072,
      -3.431
    ],
    [
      7.278,
      -3.534
    ],
    [
      7.426,
      -3.677
    ],
    [
      7.53,
      -3.872
    ],
    [
      7.57,
      -4.1
    ],
    [
      7.554,
      -4.313
    ],
    [
      7.494,
      -4.527
    ],
    [
      7.39,
      -4.706
    ],
    [
      7.256,
      -4.865
    ],
    [
      7.114,
      -5.017
    ],
    [
      6.973,
      -5.16
    ],
    [
      6.827,
      -5.304
    ],
    [
      6.685,
      -5.446
    ],
    [
      6.534,
      -5.599
    ],
    [
      6.388,
      -5.747
    ],
    [
      6.246,
      -5.896
    ],
    [
      5.947,
      -6.289
    ],
    [
      5.847,
      -6.464
    ],
    [
      5.758,
      -6.65
    ],
    [
      5.692,
      -6.847
    ],
    [
      5.631,
      -7.045
    ],
    [
      5.565,
      -7.238
    ],
    [
      5.468,
      -7.429
    ],
    [
      5.336,
      -7.581
    ],
    [
      5.161,
      -7.7
    ],
    [
      4.958,
      -7.783
    ],
    [
      4.746,
      -7.836
    ],
    [
      4.527,
      -7.864
    ],
    [
      4.315,
      -7.871
    ],
    [
      4.105,
      -7.858
    ],
    [
      3.883,
      -7.823
